{
    "best_log_reg_model": {
        "Evaluation Set": {
            "Accuracy": 0.8730980149841662,
            "Precision": 0.8727934485896269,
            "Recall": 0.8355400696864111,
            "F1-score": 0.8537605696484201,
            "ROC AUC": 0.926727886022542,
            "MCC": 0.7423239020890862,
            "Confusion Matrix": [
                [
                    6508,
                    699
                ],
                [
                    944,
                    4796
                ]
            ]
        },
        "Test Set": {
            "Accuracy": 0.8717750656573459,
            "Precision": 0.868700018597731,
            "Recall": 0.8304,
            "F1-score": 0.8491183421196146,
            "ROC AUC": 0.9244348039885262,
            "MCC": 0.7382995400131214,
            "Confusion Matrix": [
                [
                    6615,
                    706
                ],
                [
                    954,
                    4671
                ]
            ]
        }
    },
    "best_decision_tree_model": {
        "Evaluation Set": {
            "Accuracy": 0.955356453232409,
            "Precision": 0.9608928571428571,
            "Recall": 0.9374564459930314,
            "F1-score": 0.9490299823633157,
            "ROC AUC": 0.9833676149156187,
            "MCC": 0.909545967812771,
            "Confusion Matrix": [
                [
                    6988,
                    219
                ],
                [
                    359,
                    5381
                ]
            ]
        },
        "Test Set": {
            "Accuracy": 0.9539626139348061,
            "Precision": 0.9547838668837041,
            "Recall": 0.9384888888888889,
            "F1-score": 0.946566254258562,
            "ROC AUC": 0.9825864226198606,
            "MCC": 0.9062354281135034,
            "Confusion Matrix": [
                [
                    7071,
                    250
                ],
                [
                    346,
                    5279
                ]
            ]
        }
    },
    "best_random_forest_model": {
        "Evaluation Set": {
            "Accuracy": 0.9633119641615818,
            "Precision": 0.9752662935547933,
            "Recall": 0.9411149825783972,
            "F1-score": 0.9578863374412625,
            "ROC AUC": 0.9940511040127944,
            "MCC": 0.9258651511105681,
            "Confusion Matrix": [
                [
                    7070,
                    137
                ],
                [
                    338,
                    5402
                ]
            ]
        },
        "Test Set": {
            "Accuracy": 0.9642360574694886,
            "Precision": 0.9716739766081871,
            "Recall": 0.9452444444444444,
            "F1-score": 0.9582770118049924,
            "ROC AUC": 0.9941510358329919,
            "MCC": 0.9272629540510637,
            "Confusion Matrix": [
                [
                    7166,
                    155
                ],
                [
                    308,
                    5317
                ]
            ]
        }
    },
    "best_gradient_boosted_trees_model": {
        "Evaluation Set": {
            "Accuracy": 0.9650884374758631,
            "Precision": 0.9765681326604182,
            "Recall": 0.9439024390243902,
            "F1-score": 0.9599574769666903,
            "ROC AUC": 0.9951784439151057,
            "MCC": 0.9294496377853284,
            "Confusion Matrix": [
                [
                    7077,
                    130
                ],
                [
                    322,
                    5418
                ]
            ]
        },
        "Test Set": {
            "Accuracy": 0.9657809361965086,
            "Precision": 0.9733284618195104,
            "Recall": 0.9472,
            "F1-score": 0.9600864942787638,
            "ROC AUC": 0.9954201763572068,
            "MCC": 0.9304133477282956,
            "Confusion Matrix": [
                [
                    7175,
                    146
                ],
                [
                    297,
                    5328
                ]
            ]
        }
    },
    "best_lightgbm_model": {
        "Evaluation Set": {
            "Accuracy": 0.9654746273267939,
            "Precision": 0.9793515667451549,
            "Recall": 0.9419860627177701,
            "F1-score": 0.9603054790871148,
            "ROC AUC": 0.9954145432552267,
            "MCC": 0.9303292668310534,
            "Confusion Matrix": [
                [
                    7093,
                    114
                ],
                [
                    333,
                    5407
                ]
            ]
        },
        "Test Set": {
            "Accuracy": 0.9664761316236675,
            "Precision": 0.9745840190162736,
            "Recall": 0.9475555555555556,
            "F1-score": 0.9608797548224265,
            "ROC AUC": 0.9957101428159482,
            "MCC": 0.9318436116510825,
            "Confusion Matrix": [
                [
                    7182,
                    139
                ],
                [
                    295,
                    5330
                ]
            ]
        }
    },
    "best_xgboost_model": {
        "Evaluation Set": {
            "Accuracy": 0.9642388198038155,
            "Precision": 0.975148568341437,
            "Recall": 0.9433797909407665,
            "F1-score": 0.9590011511555832,
            "ROC AUC": 0.9952727192736059,
            "MCC": 0.9277063442120955,
            "Confusion Matrix": [
                [
                    7069,
                    138
                ],
                [
                    325,
                    5415
                ]
            ]
        },
        "Test Set": {
            "Accuracy": 0.9640815695967867,
            "Precision": 0.9716636197440585,
            "Recall": 0.9448888888888889,
            "F1-score": 0.9580892293826048,
            "ROC AUC": 0.9953596138960981,
            "MCC": 0.9269515928912877,
            "Confusion Matrix": [
                [
                    7166,
                    155
                ],
                [
                    310,
                    5315
                ]
            ]
        }
    },
    "best_knn_model": {
        "Evaluation Set": {
            "Accuracy": 0.9405267629566695,
            "Precision": 0.9513258263712314,
            "Recall": 0.9125435540069686,
            "F1-score": 0.931531211097279,
            "ROC AUC": 0.9824145998204417,
            "MCC": 0.8795993526063463,
            "Confusion Matrix": [
                [
                    6939,
                    268
                ],
                [
                    502,
                    5238
                ]
            ]
        },
        "Test Set": {
            "Accuracy": 0.9394407539008188,
            "Precision": 0.9461751152073733,
            "Recall": 0.9125333333333333,
            "F1-score": 0.9290497737556561,
            "ROC AUC": 0.9830116468606293,
            "MCC": 0.8766937987504693,
            "Confusion Matrix": [
                [
                    7029,
                    292
                ],
                [
                    492,
                    5133
                ]
            ]
        }
    },
    "best_extra_trees_model": {
        "Evaluation Set": {
            "Accuracy": 0.962307870549162,
            "Precision": 0.9729827089337176,
            "Recall": 0.9411149825783972,
            "F1-score": 0.9567835635848388,
            "ROC AUC": 0.9937966572375193,
            "MCC": 0.9237824356594673,
            "Confusion Matrix": [
                [
                    7057,
                    150
                ],
                [
                    338,
                    5402
                ]
            ]
        },